artist;album
'N Sync;Celebrity
'N Sync;No Strings Attached
(Sandy) Alex G;House of Sugar
...And You Will Know Us by the Trail of Dead;Source Tags & Codes
112;Part III
16 Horsepower;Folklore
21 Savage;I Am > I Was
21 Savage, Offset & Metro Boomin;Without Warning
24 Hour Party People;OST
2Pac;Better Dayz
2Pac;Until The End Of Time
3 Doors Down;Away From The Sun
3 Doors Down;Seventeen Days
3 Doors Down;The Better Life
5 Seconds Of Summer;5 Seconds Of Summer
50 Cent;Curtis
50 Cent;Get Rich Or Die Tryin'
50 Cent;The Massacre
9th Wonder;The Wonder Years
A Boogie Wit da Hoodie;Artist 2.0
A Boogie Wit da Hoodie;Hoodie SZN
A Tribe Called Quest;We Got It From Here...Thank You 4 Your Service
A Winged Victory for the Sullen;A Winged Victory for the Sullen
AC/DC;Black Ice
AC/DC;Rock Or Bust
Aaliyah;I Care 4 U
Aaron Carter;Aaron's Party (Come Get It)
Ab-Soul;Control System
Abe Vigoda;Skeleton
Aceyalone;Magnificent City
Adam Lambert;For Your Entertainment
Adele;19
Adele;21
Adele;25
Adem;Homesongs
Aesop Rock;The Impossible Kid
Agalloch;The Serpent & the Sphere
Aimee Mann;Bachelor No. 2 (or, the last remains of the dodo)
Aimee Mann;Mental Illness
Akon;Freedom
Akon;Konvicted
Alabama Shakes;Sound & Color
Alan Jackson;Drive
Alan Jackson;Greatest Hits Volume II And Some Other Stuff
Alan Jackson;Like Red On A Rose
Alan Jackson;Precious Memories
Alan Vega;It
Aldous Harding;Designer
Alejandro Escovedo;Real Animal
Alejandro Escovedo;The Boxing Mirror
Alela Diane;Cusp
Alessia Cara;Know-It-All
Algiers;The Underside of Power
Ali Farka Toure;Savane
Ali Farka Toure And Toumani Diabate;Ali & Toumani
Alicia Keys;AS I AM
Alicia Keys;DIARY OF ALICIA KEYS
Alicia Keys;Girl On Fire
Alicia Keys;Songs In A Minor
Alicia Keys;The Diary of Alicia Keys
Alicia Keys;The Element Of Freedom
All Girl Summer Fun Band;2
Allen Toussaint;The Bright Mississippi
Alva Noto;Glass
Amadou & Mariam;Welcome To Mali
Amanda Shires;To the Sunset
Ambrose Akinmusire;When the Heart Emerges Glistening
Amen Dunes;Freedom
Amon Tobin;Supermodified
Amy Ray;Stag
Amy Winehouse;Back To Black
Amy Winehouse;Back to Black
Anaïs Mitchell;Young Man In America
Anderson .Paak;Malibu
Andrea Bocelli;Amore
Andrea Bocelli;Concerto: One Night In Central Park
Andrea Bocelli;My Christmas
Andrew Bird;Armchair Apocrypha
Andrew Bird;The Mysterious Production Of Eggs
Andy Stott;Faith in Strangers
Andy Stott;Luxury Problems
Angaleena Presley;American Middle Class
Angel Olsen;All Mirrors
Angel Olsen;Burn Your Fire for No Witness
Angel Olsen;My Woman
Angélique Kidjo;Remain In Light
Animal Collective;Fall Be Kind [EP]
Animal Collective;Feels
Animal Collective;Merriweather Post Pavilion
Animal Collective;Sung Tongs
Anna Meredith;Varmints
Antony and the Johnsons;I Am A Bird Now
Aphex Twin;Chosen Lords
Aphex Twin;Syro
Arab Strap;Elephant Shoe
Arab Strap;Mad for Sadness
Arca;Arca
Arcade Fire;Funeral
Arcade Fire;Neon Bible
Arcade Fire;The Suburbs
Architects;Holy Hell
Arctic Monkeys;AM
Arctic Monkeys;Favourite Worst Nightmare
Arctic Monkeys;Whatever People Say I Am, That's What I'm Not
Ariana Grande;Dangerous Woman
Ariana Grande;My Everything
Ariana Grande;Sweetener
Ariana Grande;Thank U, Next
Ariana Grande;thank u, next
Ariel Pink's Haunted Graffiti;Before Today
Art Brut;Bang Bang Rock & Roll
Ashanti;Ashanti
Ashlee Simpson;Autobiography
Ashley Monroe;Like a Rose
Ashley Monroe;Sparrow
Ashley Monroe;The Blade
Astronautalis;This Is Our Science
Audioslave;Audioslave
Autechre;Confield
Avril Lavigne;Let Go
Avril Lavigne;The Best Damn Thing
Avril Lavigne;Under My Skin
Azealia Banks;1991 [EP]
B.B. King;One Kind Favor
BC Camplight;Shortly After Takeoff
BJ the Chicago Kid;In My Mind
BROCKHAMPTON;Iridescence
BTS;MAP OF THE SOUL : 7
Backstreet Boys;Black & Blue
Backstreet Boys;Millennium
Bad Bunny;X 100PRE
Bad Bunny;YHLQMDLG
Bad Meets Evil;Hell: The Sequel (EP)
Badly Drawn Boy;The Hour of Bewilderbeast
Baha Men;Who Let The Dogs Out
Barbra Streisand;Partners
Bardo Pond;Dilate
Baroness;Blue Record
Baroness;Gold & Grey
Baroness;Purple
Basement Jaxx;Kish Kash
Basement Jaxx;Rooty
Bassekou Kouyate & Ngoni Ba;Ba Power
Bassekou Kouyate & Ngoni Ba;Jama Ko
Bastille;Bad Blood
Bat for Lashes;Fur & Gold
Battles;Mirrored
Baxter Dury;The Night Chancers
Beach House;Teen Dream
Beastie Boys;Hot Sauce Committee, Pt. 2
Beatrice Dillon;Workaround
Beck;Midnite Vultures
Beck;Morning Phase
Bedouine;Bedouine
Bedouine;Bird Songs of a Killjoy
Behemoth;I Loved You at Your Darkest
Behemoth;The Satanist
Belle and Sebastian;Push Barman To Open Old Wounds
Ben Frost;A U R O R A
Bettie Serveert;Private Suit
Bettye LaVette;Things Have Changed
Beulah;The Coast Is Never Clear
Beulah;Yoko
Beyonce;4
Beyonce;B'Day
Beyonce;Beyonce
Beyonce;Dangerously In Love
Beyonce;I Am...Sasha Fierce
Beyonce;Lemonade
Beyoncé;Beyoncé
Beyoncé;I Am... Sasha Fierce
Beyoncé;Lemonade
Big & Rich;Horse Of A Different Color
Big Boi;Sir Lucious Left Foot: The Son of Chico Dusty
Big K.R.I.T.;Cadillactica
Big Sean;Dark Sky Paradise
Big Sean;I Decided.
Big Thief;Two Hands
Big Thief;U.F.O.F.
Bilal;1st Born Second
Bilal;Airtight's Revenge
Bill Callahan;Dream River
Bill Callahan;Gold Record
Bill Callahan;Shepherd in a Sheepskin Vest
Bill Callahan;Sometimes I Wish We Were An Eagle
Bill Fay;Life Is People
Bill Frisell;Blues Dream
Bill Frisell;The Intercontinentals
Billie Eilish;Dont Smile At Me
Billie Eilish;When We All Fall Asleep, Where Do We Go?
Billy Bragg & Wilco;Mermaid Avenue Vol. II
Billy Bragg/Wilco;Mermaid Avenue: The Complete Sessions
Björk;Medulla
Björk;Vespertine
Björk;Vulnicura
Black Box Recorder;The Facts Of Life
Black Milk;Tronic
Black Tambourine;Black Tambourine
Blake Shelton;Based On A True Story ...
Blake Shelton;If I'm Honest
Blake Shelton;Reloaded: 20 #1 Hits
Blink-182;Blink-182
Blink-182;Enema Of The State
Blitzen Trapper;Wild Mountain Nation
Bloc Party;Silent Alarm
Blonde Redhead;23
Blueprint;1988
Blur;Midlife: A Beginner's Guide To Blur
Boards of Canada;Geogaddi
Boards of Canada;Tomorrow's Harvest
Bob Dylan;Love And Theft
Bob Dylan;Love and Theft
Bob Dylan;Modern Times
Bob Dylan;Rough and Rowdy Ways
Bob Dylan;Tell Tale Signs: The Bootleg Series Vol. 8
Bob Dylan;Tempest
Bob Dylan;The Witmark Demos: 1962-1964
Bobby Krlic;Midsommar [Original Motion Picture Soundtrack]
Bombino;Nomad
Bon Iver;22, A Million
Bon Iver;Bon Iver
Bon Iver;For Emma, Forever Ago
Bon Iver;I, I
Bon Jovi;Lost Highway
Bonnie "Prince" Billy;The Letting Go
Bop English;Constant Bop
Brad Mehldau Trio;Ode
Brad Paisley;This Is Country Music
Brand New;Science Fiction
Brandi Carlile;By the Way, I Forgive You
Brantley Gilbert;Just As I Am
Brian Eno + David Byrne;My Life In The Bush Of Ghosts [2006 Version]
Brian McKnight;Back At One
Brian Wilson;SMiLE
Bright Eyes;I'm Wide Awake, It's Morning
Bring Me the Horizon;Amo
Bring Me the Horizon;That's the Spirit
British Sea Power;Do You Like Rock Music?
British Sea Power;From the Sea to the Land Beyond [OST]
British Sea Power;The Decline Of British Sea Power
Britney Spears;...Baby One More Time
Britney Spears;Britney
Britney Spears;Circus
Britney Spears;Femme Fatale
Britney Spears;In The Zone
Britney Spears;Oops!...I Did It Again
Brittany Howard;Jaime
Broadcast;The Noise Made By People
Broken Social Scene;Broken Social Scene
Broken Social Scene;You Forgot It In People
Brother Ali;Us
Bruce Springsteen;Letter to You
Bruce Springsteen;Springsteen on Broadway
Bruce Springsteen;The Rising
Bruce Springsteen;We Shall Overcome: The Seeger Sessions
Bruce Springsteen;Wrecking Ball
Bruce Springsteen & The E Street Band;The Rising
Bruno Mars;24K Magic
Bruno Mars;Doo-Wops & Hooligans
Bruno Mars;Unorthodox Jukebox
Bryson Tiller;T R A P S O U L
Buck 65;This Right Here Is Buck 65
Built to Spill;You In Reverse
Burial;Untrue
Busta Rhymes;GENESIS
C Duncan;Architect
CHAI;Punk
Calexico;Feast of Wire
Califone;Quicksand / Cradlesnakes
Camila Cabello;Camila
Candi Staton;Candi Staton
Car Seat Headrest;Teens of Denial
Car Seat Headrest;Twin Fantasy
Cardi B;Invasion Of Privacy
Cardi B;Invasion of Privacy
Caribou;Andorra
Caribou;Our Love
Caribou;Swim
Caribou;Up In Flames
Carrie Underwood;Blown Away
Carrie Underwood;Carnival Ride
Carrie Underwood;Greatest Hits: Decade #1
Carrie Underwood;Play On
Carrie Underwood;Some Hearts
Carrie Underwood;Storyteller
Casting Crowns;Until The Whole World Hears
Cat Power;The Covers Record
Cate Le Bon;Reward
Cee Lo Green;Cee-Lo Green Is The Soul Machine
Celine Dion;A New Day Has Come
Celine Dion;All The Way...A Decade Of Song
Celine Dion;One Heart
Celine Dion;Taking Chances
Chamillionaire;The Sound Of Revenge
Chance The Rapper;Coloring Book
Chance the Rapper;Acid Rap
Chance the Rapper;Coloring Book [Mixtape]
Charalambides;A Vintage Burden
Charlie Puth;Nine Track Mind
Charly Bliss;Guppy
Cher;The Very Best Of Cher
Childish Gambino;"Awaken, My Love!"
Childish Gambino;Because The Internet
Chingy;Jackpot
Chris Brown;Chris Brown
Chris Brown;EXCLUSIVE
Chris Brown;F.A.M.E.
Chris Brown;Heartbreak On A Full Moon
Chris Brown;Indigo
Chris Brown;Royalty
Chris Stapleton;From A Room: Volume 1
Chris Stapleton;Traveller
Christina Aguilera;Christina Aguilera
Christina Aguilera;Stripped
Christine and the Queens;Chris
Christine and the Queens;Christine and the Queens
Ciara;Ciara: The Evolution
Ciara;Goodies
Circa Survive;Blue Sky Noise
Circuit des Yeux;Reaching for Indigo
Clap Your Hands Say Yeah;Clap Your Hands Say Yeah
Clark;Clark
Clay Aiken;Measure Of A Man
Clinic;Internal Wrangler
Clipse;Hell Hath No Fury
Colbie Caillat;Coco
Coldplay;A Head Full Of Dreams
Coldplay;A Rush Of Blood To The Head
Coldplay;Ghost Stories
Coldplay;Mylo Xyloto
Coldplay;Viva La Vida or Death And All His Friends
Coldplay;Viva la Vida or Death and All His Friends
Coldplay;X&Y
Coliseum;Sister Faith
Comets On Fire;Avatar
Comets On Fire;Blue Cathedral
Common;Be
Common;Black America Again
Common;Electric Circus
Converge;All We Love We Leave Behind
Converge;The Dusk in Us
Corinne Bailey Rae;Corinne Bailey Rae
Cornelius;Point
Courtney Barnett;Sometimes I Sit And Think, And Sometimes I Just Sit
Crack Cloud;Pain Olympics
Creed;Human Clay
Creed;Weathered
Creeper;Eternity, In Your Arms
Creeper;Sex, Death & The Infinite Void
Cult of Luna;Vertikal
Cursive;The Ugly Organ
D'Angelo;Black Messiah
D'Angelo;VOODOO
D12;D12 World
DJ Khaled;Grateful
DJ Koze;Knock Knock
DJ Quik & Kurupt;Blaqkout
DJ Shadow;The Private Press
DJ/rupture;Uproot
DM Stith;Heavy Ghost
DMX;...And Then There Was X
DaBaby;BLAME IT ON BABY
DaBaby;Baby On Baby
DaBaby;KIRK
Daft Punk;Random Access Memories
Damien Jurado;Where Shall You Take Me
Damon & Naomi;With Ghost
Dan + Shay;Dan + Shay
Danny Brown;Atrocity Exhibition
Darius Rucker;Learn To Live
Daughters;You Won't Get What You Want
Daughtry;Daughtry
Daughtry;Leave This Town
Dave;Psychodrama
Dave Alvin;Eleven Eleven
Dave Alvin;Public Domain: Songs From the Wild Land
Dave Matthews Band;Big Whiskey & the GrooGrux King
Dave Matthews Band;Big Whiskey And The GrooGrux King
Dave Matthews Band;Busted Stuff
Dave Matthews Band;Everyday
Dave Matthews Band;Stand Up
Dave Rawlings Machine;Nashville Obsolete
David Bazan;Curse Your Branches
David Bowie;Blackstar
David Cook;David Cook
David Holmes;Bow Down To The Exit Sign
David Holmes;Ocean's Eleven OST
David Holmes;Ocean's Twelve OST
David Sylvian;Everything & Nothing
Deafheaven;New Bermuda
Deafheaven;Ordinary Corrupt Human Love
Deafheaven;Sunbather
Death Cab for Cutie;Transatlanticism
Death from Above 1979;You're A Woman, I'm A Machine
Deerhunter;Halcyon Digest
Deftones;Koi No Yokan
Deftones;Ohms
Delicate Steve;Wondervisions
Demdike Stare;Tryptych
Demi Lovato;Tell Me You Love Me
Dennis Wilson;Pacific Ocean Blue [Reissue]
Denzel Curry;ZUU
Destiny's Child;Destiny Fulfilled
Destiny's Child;Survivor
Destiny's Child;The Writing's On The Wall
Destroyer;Destroyer's Rubies
Destroyer;Kaputt
Destroyer;Poison Season
Devendra Banhart;Niño Rojo
Devendra Banhart;Rejoicing In The Hands
Diamond Rings;Special Affections
Diana Krall;When I Look in Your Eyes
Dido;Life For Rent
Dido;No Angel
Dirty Projectors;Bitte Orca
Disturbed;Immortalized
Disturbed;Indestructible
Dixie Chicks;Fly
Dixie Chicks;Home
Dixie Chicks;Taking The Long Way
Dixie Chicks;Taking the Long Way
Dizzee Rascal;Boy In Da Corner
Dizzee Rascal;Showtime
Do Make Say Think;Winter Hymn Country Hymn Secret Hymn
Doja Cat;Hot Pink
Dolly Parton;Little Sparrow
Donald Fagen;Morph The Cat
Donnie Trumpet & The Social Experiment;Surf
Douglas Dare;Whelm
Doves;The Last Broadcast
Dr. Dre;Compton
Dr. John;Locked Down
Drake;Dark Lane Demo Tapes
Drake;If You're Reading This It's Too Late
Drake;More Life
Drake;Nothing Was The Same
Drake;Scorpion
Drake;Take Care
Drake;Thank Me Later
Drake;Views
Drake & Future;What A Time To Be Alive
Drive-By Truckers;American Band
Drive-By Truckers;Brighter Than Creation's Dark
Drive-By Truckers;Decoration Day
Drive-By Truckers;It's Great to Be Alive! [Live]
Drive-By Truckers;The Dirty South
Dua Lipa;Future Nostalgia
Dungen;Ta Det Lugnt
Dwight Yoakam;3 Pears
Eagles;Long Road Out Of Eden
Earl Sweatshirt;Some Rap Songs
Ed Sheeran;+
Ed Sheeran;No.6 Collaborations Project
Ed Sheeran;x
Ed Sheeran;÷ (Divide)
Edan;Beauty And The Beat
Edwyn Collins;Badbea
Eels;Blinking Lights And Other Revelations
Eiffel 65;Europop
El-P;Cancer4Cure
Elbow;Asleep In The Back
Elbow;Cast Of Thousands
Elbow;The Seldom Seen Kid
Electric Wizard;Time to Die
Ella Mai;Ella Mai
Elliott Smith;Figure 8
Elliott Smith;From A Basement On The Hill
Elliott Smith;New Moon
Elton John;Diamonds
Eluvium;Copia
Eminem;Curtain Call: The Hits
Eminem;Encore
Eminem;Kamikaze
Eminem;Music To Be Murdered By
Eminem;Recovery
Eminem;Relapse
Eminem;Revival
Eminem;The Eminem Show
Eminem;The Marshall Mathers LP
Eminem;The Marshall Mathers LP 2
Emmylou Harris;Stumble Into Grace
Enrique Iglesias;Enrique
Enrique Iglesias;Escape
Enya;A Day Without Rain
Enya;Amarantine
Eric Church;Chief
Eric Church;Mr. Misunderstood
Eric Church;The Outsiders
Erykah Badu;Mama's Gun
Erykah Badu;New Amerykah Part Two: Return of the Ankh
Erykah Badu;New Amerykah: Part One (4th World War)
Esperanza Spalding;Emily's D+Evolution
Evanescence;Fallen
Ex Hex;Rips
Explosions in the Sky;The Earth Is Not A Cold Dead Place
Ezra Furman;Transangelic Exodus
FKA twigs;LP1
FKA twigs;Magdalene
Faith Hill;Breathe
Faith Hill;Cry
Fall Out Boy;American Beauty / American Psycho
Fall Out Boy;From Under The Cork Tree
Fall Out Boy;Infinity On High
Fantasia;Free Yourself
Father John Misty;I Love You, Honeybear
Father John Misty;Pure Comedy
Fennesz;Bécs
Fergie;The Dutchess
Fetty Wap;Fetty Wap
Fever Ray;Plunge
Fifth Harmony;Reflection
Fiona Apple;Extraordinary Machine
Fiona Apple;Fetch the Bolt Cutters
Fiona Apple;The Idler Wheel Is Wiser than the Driver of the Screw and Whipping Cords Will Serve You More than Ropes Will Ever Do
Fleet Foxes;Fleet Foxes
Fleet Foxes;Helplessness Blues
Fleet Foxes;Shore
Flo Rida;My House (EP)
Floating Points;Elaenia
Florence + The Machine;Ceremonials
Florence + The Machine;Lungs
Florida Georgia Line;Anything Goes
Florida Georgia Line;Dig Your Roots
Florida Georgia Line;Here's To The Good Times
Flying Lotus;Cosmogramma
Flying Lotus;You're Dead!
Fontaines D.C.;Dogrel
Foo Fighters;Echoes, Silence, Patience & Grace
Foo Fighters;Wasting Light
Fountains of Wayne;Welcome Interstate Managers
Four Tet;New Energy
Four Tet;Pause
Four Tet;Rounds
Frank Ocean;Blonde
Frank Ocean;Channel Orange
Frank Ocean;Nostalgia, Ultra.
Franz Ferdinand;Franz Ferdinand
Franz Ferdinand;You Could Have It So Much Better
Frazey Ford;U Kin B The Sun
Freddie Gibbs;Alfredo
Freddie Gibbs;Bandana
Frog Eyes;Tears Of The Valedictorian
Fuck Buttons;Tarot Sport
Fucked Up;Chemistry Of Common Life
Fucked Up;David Comes To Life
Fugazi;The Argument
Fun.;Some Nights
Future;DS2
Future;EVOL
Future;FUTURE
Future;HNDRXX
Future;High Off Life
G Unit;Beg For Mercy
G-Eazy;The Beautiful & Damned
G-Eazy;When It's Dark Out
Gang Gang Dance;Eye Contact
Garth Brooks;Blame It All On My Roots: Five Decades Of Influences
Garth Brooks;Man Against Machine
Garth Brooks;Scarecrow
Garth Brooks;The Ultimate Hits
Gas;Narkopop
Gazelle Twin;Unflesh
George Strait;50 Number Ones
Ghostface Killah;Apollo Kids
Ghostface Killah;Fishscale
Ghostface Killah;The Pretty Toney Album
Gil Scott-Heron;We're New Again: A Reimagining by Makaya McCraven
Gillian Welch;The  Harrow and the Harvest
Gillian Welch;Time (The Revelator)
Gnarls Barkley;St. Elsewhere
Goat;World Music
Godflesh;A World Lit Only by Fire
Godflesh;Post Self
Godspeed You! Black Emperor;Lift Your Skinny Fists Like Antennas to Heaven
Godspeed You! Black Emperor;Yanqui U.X.O.
Gojira;L'Enfant Sauvage
Goldfrapp;The Singles
Good Charlotte;The Young And The Hopeless
Gorillaz;Demon Days
Gotye;Making Mirrors
Graham Coxon;Love Travels At Illegal Speeds
Grandaddy;The Sophtware Slump
Green Day;21st Century Breakdown
Green Day;American Idiot
Gretchen Wilson;Here For The Party
Grimes;Art Angels
Grinderman;Grinderman
Grinderman;Grinderman 2
Grizzly Bear;Shields
Grizzly Bear;Veckatimest
Guided by Voices;Isolation Drills
Gunna;Wunna
Guns N' Roses;Greatest Hits
Guy Clark;My Favorite Picture of You
Gwen Stefani;Love. Angel. Music. Baby.
Gwen Stefani;The Sweet Escape
H.E.R.;H.E.R.
H.E.R.;I Used to Know Her
HAIM;Women in Music, Pt. III
HEALTH;Health//Disco
Haiku Salut;Etch And Etch Deep
Halsey;Badlands
Halsey;Manic
Harry Styles;Fine Line
Harry Styles;Harry Styles
Harvey Milk;Life...The Best Game In Town
Hayden;Skyscraper National Park
Headie One;Edna
Helen Money;Become Zero
Herbie Hancock;River: The Joni Letters
Hercules & Love Affair;Hercules And Love Affair
Hiatus Kaiyote;Choose Your Weapon
High on Fire;De Vermis Mysteriis
Hilary Duff;Metamorphosis
Hinder;Extreme Behavior
Hiss Golden Messenger;Haw
Holopaw;Holopaw
Hoobastank;The Reason
Hood;Cold House
Hookworms;Microshift
Hop Along;Painted Shut
Hot Snakes;Jericho Sirens
Howe Gelb;'Sno Angel Like You
Hozier;Hozier
Hunter Hayes;Hunter Hayes
Ian William Craig;Centres
Ice-T;Greatest Hits: The Evidence
Iceage;New Brigade
Idles;Joy As an Act of Resistance
Iggy Azalea;The New Classic
Ikara Colt;Modern Apprentice
Il Divo;Siempre
Il Divo;The Promise
Imagine Dragons;Evolve
Imagine Dragons;Night Visions
Imagine Dragons;Origins
Imagine Dragons;Smoke + Mirrors
Incubus;Morning View
India.Arie;Acoustic Soul
Indian;From All Purity
Interpol;Turn On The Bright Lights
Iron & Wine;Our Endless Numbered Days
Iron & Wine;The Creek Drank The Cradle
Iron & Wine;The Shepherd's Dog
Iron & Wine;Woman King [EP]
Isolée;Wearemonster
Ital Tek;Hollowed
J Dilla aka Jay Dee;Donuts
J Dilla aka Jay Dee;Ruff Draft [Reissue]
J Hus;Big Conspiracy
J. Cole;2014 Forest Hills Drive
J. Cole;4 Your Eyez Only
J. Cole;Born Sinner
J. Cole;KOD
JACKBOYS;JACKBOYS
JAY-Z;4:44
JAY-Z;Kingdom Come
JAY-Z;Magna Carta... Holy Grail
JAY-Z;The Black Album
JAY-Z;The Blueprint 2: The Gift And The Curse
JAY-Z;The Blueprint 3
JPEGMAFIA;All My Heroes Are Cornballs
Ja Rule;Pain Is Love
Ja Rule;Rule 3:36
Ja Rule;The Last Temptation
Jack Johnson;Curious George (Soundtrack)
Jack Johnson;In Between Dreams
Jack Johnson;Sleep Through The Static
Jack Johnson;To The Sea
Jack Rose;Luck In The Valley
Jack White;Blunderbuss
Jackie Evancho;Dream With Me
Jackie Evancho;O Holy Night (EP)
James Blackshaw;The Glass Bead Game
James Blunt;Back To Bedlam
James McMurtry;Complicated Game
James McMurtry;Just Us Kids
Jamey Johnson;Living for a Song: A Tribute to Hank Cochran
Jamey Johnson;The  Guitar Song
Jamie Foxx;Intuition
Jamie Foxx;Unpredictable
Jamie Lidell;Multiply
Jamie xx;In Colour
Jamila Woods;LEGACY! LEGACY!
Janelle Monáe;Dirty Computer
Janelle Monáe;The ArchAndroid
Janet;All For You
Japandroids;Celebration Rock
Jarv Is...;Beyond the Pale
Jarvis Cocker;Jarvis
Jason Aldean;My Kinda Party
Jason Aldean;Night Train
Jason Aldean;Old Boots, New Dirt
Jason Aldean;Rearview Town
Jason Aldean;Wide Open
Jason Isbell;Something More Than Free
Jason Isbell;Southeastern
Jason Molina;Pyramid Electric Co.
Jason Moran;Ten
Jason Mraz;We Sing. We Dance. We Steal Things.
Jay Z Kanye West;Watch The Throne
Jay-Z;4:44
Jay-Z;American Gangster
Jay-Z;The Black Album
Jay-Z;The Blueprint
Jay-Z/Linkin Park;MTV Ultimate Mash-Ups Presents: Collision Course
Jazmine Sullivan;Reality Show
Jeff Rosenstock;No Dream
Jeff Rosenstock;POST-
Jennifer Castle;Pink City
Jennifer Lopez;J To Tha L-O! The Remixes
Jennifer Lopez;This Is Me...Then
Jenny Hval;Blood Bitch
Jenny Hval;Innocence is Kinky
Jenny Hval & Susanna;Meshes of Voice
Jenny Lewis;On the Line
Jesse Malin;The Fine Art of Self-Destruction
Jessica Simpson;In This Skin
Jessie Ware;Devotion
Jet;Get Born
Jewel;This Way
Jhene Aiko;Chilombo
Jill Scott;Beautifully Human: Words And Sounds Vol. 2
Jill Scott;Who Is Jill Scott? Words And Sounds Vol. 1
Jim Guthrie;Now, More Than Ever
Jim O'Rourke;Insignificance
Jim O'Rourke;Simple Songs
Jlin;Black Origami
Jlin;Dark Energy
Joan Shelley;Over and Even
Joanna Newsom;Divers
Joanna Newsom;Have One On Me
Joanna Newsom;Ys
Joe Lovano Us Five;Bird Songs
Joe Strummer & The Mescaleros;Streetcore
Johann Johannsson;The Miner's Hymns
John Cale;HoboSapiens
John Hammond;Wicked Grin
John Howard & The Night Mail;John Howard & the Night Mail
John K. Samson;Winter Wheat
John Legend;GET LIFTED
John Legend;Love In The Future
John Mayer;Battle Studies
John Mayer;Born And Raised
John Mayer;Continuum
John Mayer;Room For Squares
John Murry;The Graceless Age
Johnny Cash;American III: Solitary Man
Johnny Cash;American V: A Hundred Highways
Johnny Cash;The Legend Of Johnny Cash
Jolie Holland;Escondida
Jolie Holland;Wine Dark Sea
Jonas Brothers;A Little Bit Longer
Jonas Brothers;Happiness Begins
Jonas Brothers;Jonas Brothers
Jonny Greenwood;Phantom Thread [Original Motion Picture Soundtrack]
Jordin Sparks;Jordin Sparks
Josef K;Entomology
Joseph Arthur;Come to Where I'm From
Joseph Arthur;Nuclear Daydream
Joseph Arthur;Our Shadows Will Remain
Josh Groban;Awake
Josh Groban;Closer
Josh Groban;Illuminations
Josh Groban;Josh Groban
Josh Groban;Noel
Josh Groban;Stages
Josh Rouse;Under Cold Blue Stars
Josh Turner;Your Man
Juice WRLD;Death Race For Love
Juice WRLD;Goodbye & Good Riddance
Juice WRLD;Legends Never Die
Julia Holter;Ekstasis
Julia Holter;Have You in My Wilderness
Julia Holter;Loud City Song
Julia Jacklin;Crushing
Junior Boys;Last Exit
Justice;Cross
Justin Bieber;Believe
Justin Bieber;Changes
Justin Bieber;My World (EP)
Justin Bieber;My World 2.0
Justin Bieber;My Worlds Acoustic
Justin Bieber;Never Say Never: The Remixes (EP)
Justin Bieber;Purpose
Justin Bieber;Under The Mistletoe
Justin Timberlake;FutureSex/LoveSounds
Justin Timberlake;Justified
Justin Timberlake;Man Of The Woods
Justin Timberlake;The 20/20 Experience
Justin Timberlake;The 20/20 Experience (2 Of 2)
Justin Townes Earle;Harlem River Blues
Juvenile;400 Degreez
Kacey Musgraves;Golden Hour
Kacey Musgraves;Same Trailer Different Park
Kali Uchis;Isolation
Kamasi Washington;Heaven & Earth
Kane Brown;Experiment
Kane Brown;Kane Brown
Kano;Home Sweet Home
Kanye West;808s & Heartbreak
Kanye West;College Dropout
Kanye West;Graduation
Kanye West;Late Registration
Kanye West;My Beautiful Dark Twisted Fantasy
Kanye West;The College Dropout
Kanye West;The Life Of Pablo
Kanye West;Yeezus
Kanye West;ye
Karine Polwart;A Pocket of Wind Resistance
Karl Blau;Introducing Karl Blau
Kasai Allstars;In The 7th Moon, The Chief Turned Into A Swimming Fish And Ate The Head Of His Enemy By Magic
Kate Bush;50 Words for Snow
Kate Bush;Before the Dawn [Live]
Kate Tempest;Let Them Eat Chaos
Katie Gately;Loom
Katy Perry;PRISM
Katy Perry;Teenage Dream
Ke$ha;Animal
Keith Urban;Be Here
Keith Urban;Defying Gravity
Keith Urban;Get Closer
Keith Urban;Love, Pain & The Whole Crazy Thing
Keith Urban;Ripcord
Kelly Clarkson;All I Ever Wanted
Kelly Clarkson;Breakaway
Kelly Clarkson;Greatest Hits: Chapter One
Kelly Clarkson;Stronger
Kelly Clarkson;Thankful
Kelly Clarkson;Wrapped In Red
Kendrick Lamar;DAMN.
Kendrick Lamar;Good Kid, M.A.A.D City
Kendrick Lamar;To Pimp A Butterfly
Kendrick Lamar;To Pimp a Butterfly
Kendrick Lamar;good kid, m.A.A.d city
Kendrick Lamar;untitled unmastered.
Kenny Chesney;Hemingway's Whiskey
Kenny Chesney;Just Who I Am: Poets & Pirates
Kenny Chesney;No Shoes, No Shirt, No Problems
Kenny Chesney;The Road And The Radio
Kenny Chesney;Welcome To The Fishbowl
Kenny Chesney;When The Sun Goes Down
Kenny G;Faith: A Holiday Album
Kevin Gates;Islah
Kevin Morby;Singing Saw
Keyshia Cole;A Different Me
Keyshia Cole;JUST LIKE YOU
Khalid;American Teen
Khalid;Free Spirit
Kid Rock;Born Free
Kid Rock;Cocky
Kid Rock;Devil Without A Cause
Kid Rock;Rebel Soul
Kid Rock;Rock N Roll Jesus
Kid Rock;The History Of Rock
Killer Mike;R.A.P. Music
Killer Mike;Run the Jewels
Kings Of Leon;Only By The Night
Kodak Black;Dying To Live
Kodak Black;Painting Pictures
Kodak Black;Project Baby Two
Konono No. 1;Assume Crash Position
Konono No. 1;Congotronics
Korn;Issues
Korn;See You On The Other Side
Kraftwerk;Minimum-Maximum [Live]
Kristin Hersh;Sunny Border Blue
Kvelertak;Meir
Kylesa;Spiral Shadow
LCD Soundsystem;45:33
LCD Soundsystem;American Dream
LCD Soundsystem;LCD Soundsystem
LCD Soundsystem;Sound Of Silver
LCD Soundsystem;This Is Happening
LMFAO;Sorry For Party Rocking
La Dispute;Rooms of the House
Labradford;Fixed::Context [EP]
Lady Antebellum;Lady Antebellum
Lady Antebellum;Need You Now
Lady Antebellum;Own The Night
Lady Gaga;ARTPOP
Lady Gaga;Born This Way
Lady Gaga;Chromatica
Lady Gaga;Joanne
Lady Gaga;The Fame
Lady Gaga;The Fame Monster
Lady Gaga;The Fame Monster (EP)
Lady Gaga & Bradley Cooper;A Star Is Born (Soundtrack)
Ladytron;604
Laika;Good Looking Blues
Lali Puna;Faking The Books
Lambchop;Nixon
Lana Del Rey;Norman Fucking Rockwell!
Lana Del Rey;Ultraviolence
Laura Marling;Once I Was an Eagle
Laura Marling;Semper Femina
Laura Marling;Song for Our Daughter
Lauren Daigle;Look Up Child
Laurent Garnier;Unreasonable Behavior
Laurie Anderson;Homeland
Led Zeppelin;Celebration Day [Live]
Led Zeppelin;Mothership
Lee Ann Womack;The Way I'm Livin'
Lee Fields;Emma Jean
Lemon Jelly;Lost Horizons
Lenny Kravitz;Greatest Hits
Leona Lewis;Spirit
Leonard Cohen;Old Ideas
Leonard Cohen;Popular Problems
Leonard Cohen;You Want It Darker
Les Savy Fav;Inches
Les Savy Fav;Let's Stay Friends
Let's Eat Grandma;I'm All Ears
Letlive;The  Blackest Beautiful
Levon Helm;Electric Dirt
Levon Vincent;Levon Vincent
Lewis Capaldi;Divinely Uninspired To A Hellish Extent
Lifehouse;No Name Face
Lightning Bolt;Fantasy Empire
Lightning Bolt;Hypermagic Mountain
Lil Baby;Harder Than Ever
Lil Baby;My Turn
Lil Baby;Street Gossip
Lil Baby & Gunna;Drip Harder
Lil Bow Wow;Beware Of Dog
Lil Jon & The East Side Boyz;Crunk Juice
Lil Jon & The East Side Boyz;Kings Of Crunk
Lil Nas X;7
Lil Nas X;7 (EP)
Lil Skies;Life Of A Dark Rose
Lil Uzi Vert;Eternal Atake
Lil Uzi Vert;Luv Is Rage 2
Lil Wayne;I Am Not A Human Being
Lil Wayne;I Am Not A Human Being II
Lil Wayne;Rebirth
Lil Wayne;Tha Carter II
Lil Wayne;Tha Carter III
Lil Wayne;Tha Carter IV
Lil Wayne;Tha Carter V
Lilly Hiatt;Walking Proof
Limp Bizkit;Chocolate Starfish And The Hot Dog Flavored Water
Limp Bizkit;Significant Other
Lingua Ignota;Caligula
Linkin Park;Living Things
Linkin Park;Meteora
Linkin Park;Minutes To Midnight
Linkin Park;[Hybrid Theory]
Lionel Richie;Tuskegee
Little Big Town;Pain Killer
Little Big Town;Tornado
Little Simz;Grey Area
Little Simz;Stillness In Wonderland
Lizzo;Cuz I Love You
Lizzo;Cuz I Love You (Deluxe)
Lloyd Banks;The Hunger For More
Logic;Everybody
Lomelda;Hannah
Lorde;Melodrama
Lorde;Pure Heroine
Loretta Lynn;Full Circle
Loretta Lynn;Van Lear Rose
Los Campesinos!;We are Beautiful, We Are Doomed
Los Lobos;The Town And The City
Los Lonely Boys;Los Lonely Boys
Los Super Seven;Canto
Lou Bega;A Little Bit Of Mambo
Low;Double Negative
Low;Drums And Guns
Low;The Great Destroyer
Low;Things We Lost In The Fire
Lucinda Williams;Essence
Lucinda Williams;World Without Tears
Ludacris;Back For The First Time
Ludacris;Battle Of The Sexes
Ludacris;Chicken*N*Beer
Ludacris;The Red Light District
Ludacris;Theater Of The Mind
Ludacris;Word Of Mouf
Luke Bryan;Crash My Party
Luke Bryan;Kill The Lights
Luke Bryan;Spring Break... Here To Party
Luke Bryan;Tailgates & Tanlines
Luke Combs;This One's For You
Luke Combs;What You See Is What You Get
Lupe Fiasco;Food & Liquor
Luther Vandross;Dance With My Father
Lydia Loveless;Indestructible Machine
Lykke Li;Wounded Rhymes
M.I.A.;Arular
M.I.A.;Kala
M83;Dead Cities, Red Seas & Lost Ghosts
Macklemore & Ryan Lewis;The Heist
Macy Gray;On How Life Is
Madonna;Confessions On A Dance Floor
Madonna;MDNA
Madonna;Music
Madvillain;Madvillainy
Magnetic Fields;50 Song Memoir
Magnolia Electric Co.;Sojourner
Manic Street Preachers;Journal For Plague Lovers
Mannequin Pussy;Patience
Mannheim Steamroller;Christmas Extraordinaire
Mara Carlyle;Floreat
Marc Anthony;Marc Anthony
Marc Ribot;Silent Movies
Margo Price;Midwest Farmer's Daughter
Mariah Carey;E=MC2
Mariah Carey;Rainbow
Mariah Carey;The Emancipation Of Mimi
Mariah Carey;The Emancipation of Mimi
Marianne Faithfull;Negative Capability
Marie Davidson;Working Class Woman
Marika Hackman;Any Human Friend
Mario;Turning Point
Marissa Nadler;July
Mark Lanegan Band;Bubblegum
Mark Ronson;Uptown Special.
Marnie Stern;This Is It & I Am It & You Are It & So Is That & He Is It & She Is It & It Is It & That Is That
Maroon 5;Hands All Over
Maroon 5;It Won't Be Soon Before Long
Maroon 5;Overexposed
Maroon 5;Red Pill Blues
Maroon 5;Songs About Jane
Maroon 5;V
Mary Gauthier;The  Foundling
Mary J. Blige;GROWING PAINS
Mary J. Blige;My Life II...The Journey Continues (Act 1)
Mary J. Blige;STRONGER withEach Tear
Mary J. Blige;The Breakthrough
Mary Lattimore;Silver Ladders
Mastodon;Blood Mountain
Mastodon;Crack The Skye
Mastodon;The Hunter
Matthew E. White;Big Inner
Matthew Herbert;Scale
Maxwell;BLACKsummers'night
Maxwell;blackSUMMERS'night (2016)
Mbongwana Star;From Kinshasa
Me'Shell Ndegéocello;Cookie: The Anthropological Mix Tape
Me'Shell Ndegéocello;The World Has Made Me The Man Of My Dreams
Meek Mill;Championships
Meek Mill;Dreams Worth More Than Money
Megafaun;Megafaun
Megan Thee Stallion;Good News
Meghan Trainor;Thank You
Meghan Trainor;Title
Mekons;OOOH! (Out Of Our Heads)
Melanie Martinez;Cry Baby
Memory Tapes;Seek Magic
Mercury Rev;All Is Dream
Metallica;Death Magnetic
Metallica;Hardwired...To Self-Destruct
Metallica;St. Anger
Metallica With Michael Kamen Conducting The San Francisco Symphony Orchestra;S & M
Metro Boomin;Not All Heroes Wear Capes
Michael Buble;Call Me Irresponsible
Michael Buble;Christmas
Michael Buble;Crazy Love
Michael Buble;It's Time
Michael Buble;To Be Loved
Michael Jackson;Invincible
Michael Jackson;Michael Jackson's This Is It (Soundtrack)
Michael Jackson;Number Ones
Michael Jackson;Xscape
Michael Kiwanuka;Kiwanuka
Michael Kiwanuka;Love & Hate
Migos;Culture
Migos;Culture II
Miguel;Kaleidoscope Dream
Mikal Cronin;MCII
Mike Jones;Who Is Mike Jones?
Miley Cyrus;Bangerz
Miley Cyrus;Breakout
Miley Cyrus;Hannah Montana 2 (Soundtrack)/Meet Miley Cyrus
Miley Cyrus;The Time Of Our Lives (EP)
Mini Mansions;The Great Pretenders
Mirah;(a)spera
Miranda Lambert;Crazy Ex-Girlfriend
Miranda Lambert;Four The Record
Miranda Lambert;Platinum
Miranda Lambert;Revolution
Miranda Lambert;The Weight Of These Wings
Mission of Burma;ONoffON
Missy "Misdemeanor" Elliott;Under Construction
Missy Elliott;Miss E... So Addictive
Missy Elliott;Under Construction
Mitski;Be the Cowboy
Mitski;Puberty 2
Modest Mouse;Good News For People Who Love Bad News
Modest Mouse;The Moon & Antarctica
Mogwai;Happy Songs For Happy People
Monica;Still Standing
Monolake;Ghosts
Moodymann;Moodymann
Morgan Wallen;If I Know Me
Moritz von Oswald Trio;Fetch
Moses Sumney;Aromanticism
Moses Sumney;græ
Mount Eerie;(After) [Live]
Mount Eerie;A Crow Looked at Me
Mount Eerie;Lost Wisdom
Mount Eerie;Ocean Roar
Mount Eerie;Wind's Poem
Mountains;Choral
Mouse on Mars;Idiology
Mr. Lif;I Phantom
Mumford & Sons;Babel
Mumford & Sons;Sigh No More
Mumford & Sons;Wilder Mind
Murs;Murs 3:16 The 9th Edition
Mutual Benefit;Love's Crushing Diamond
My Bloody Valentine;M B V
My Morning Jacket;Z
Mystery Jets;A Billion Heartbeats
Mélissa Laveaux;Radyo Siwèl
N.E.R.D;In Search Of... [Second Version]
NAILS;You Will Never Be One of Us
NF;Perception
Nadine Shah;Kitchen Sink
Napalm Death;Apex Predator - Easy Meat
Napalm Death;Throes of Joy in the Jaws of Defeatism
Nas;God's Son
Nas;Stillmatic
Nas;The Lost Tapes
Natalie Prass;Natalie Prass
Ne-Yo;In My Own Words
Ne-Yo;Year of the Gentleman
Neil Young;Homegrown
Neil Young;Sugar Mountain: Live At Canterbury House 1968
Neko Case;Blacklisted
Neko Case;Fox Confessor Brings The Flood
Neko Case;Hell-On
Neko Case;The  Worse Things Get, the Harder I Fight, the Harder I Fight, the More I Love You
Nelly;Country Grammar
Nelly;Nellyville
Nelly;Suit
Nelly Furtado;Loose
Nelly Furtado;Whoa, Nelly!
Nels Cline;Lovers
Neurosis;Fires Within Fires
Nick Cave & Warren Ellis;White Lunar
Nick Cave & the Bad Seeds;Abattoir Blues / The Lyre Of Orpheus
Nick Cave & the Bad Seeds;Dig!!! Lazarus Dig!!!
Nick Cave & the Bad Seeds;Ghosteen
Nick Cave & the Bad Seeds;Skeleton Tree
Nick Jonas;Nick Jonas
Nick Lowe;At My Age
Nick Lowe;The Convincer
Nickel Creek;Why Should The Fire Die?
Nickelback;All The Right Reasons
Nickelback;Dark Horse
Nickelback;Here And Now
Nickelback;Silver Side Up
Nickelback;The Long Road
Nicki Minaj;Pink Friday
Nicki Minaj;Pink Friday: Roman Reloaded
Nicki Minaj;Queen
Nicki Minaj;The Pinkprint
Nicolas Jaar;Space Is Only Noise
Nils Frahm;Spaces
Nilüfer Yanya;Miss Universe
Nina Nastasia;Run To Ruin
Nirvana;Bleach: Deluxe Edition
Nirvana;Live At Reading
No Doubt;Rock Steady
No Doubt;The Singles 1992-2003
Noname;Room 25
Norah Jones;Come Away With Me
Norah Jones;Come Away with Me
Norah Jones;Feels Like Home
Norah Jones;Not Too Late
Norah Jones;The Fall
Norma Jean;Wrongdoers
Nosaj Thing;Drift
Objekt;Cocoon Crush
Of Monsters And Men;My Head Is An Animal
Of Montreal;Hissing Fauna, Are You The Destroyer?
Okkervil River;Black Sheep Boy
Okkervil River;The Stage Names
One Direction;FOUR
One Direction;Made In The A.M.
One Direction;Midnight Memories
One Direction;Take Me Home
One Direction;Up All Night
OneRepublic;Dreaming Out Loud
OneRepublic;Native
Oneida;Secret Wars
Opeth;In Cauda Venenum
Opeth;Watershed
Original Broadway Cast;Hamilton: An American Musical
Original Soundtrack;Lost in Translation OST
Ought;More Than Any Other Day
Oumou Sangare;Acoustic
Out Hud;S.T.R.E.E.T. D.A.D.
OutKast;Speakerboxxx/The Love Below
OutKast;Stankonia
Outkast;Speakerboxxx/The Love Below
Outkast;Stankonia
Owl City;Ocean Eyes
Oxbow;The Thin Black Duke
P!nk;Beautiful Trauma
P!nk;Funhouse
P!nk;Greatest Hits... So Far!!!
P!nk;M!ssundaztood
P!nk;The Truth About Love
P.O.D.;Satellite
PJ Harvey;Let England Shake
PJ Harvey;Stories from the City, Stories from the Sea
PUP;Morbid Stuff
PVRIS;All We Know of Heaven, All We Need of Hell
PVRIS;Use Me
Pa Salieu;Send Them To Coventry [Mixtape]
Paavoharju;Laulu Laakson Kukista
Pallbearer;Foundations of Burden
Panda Bear;Person Pitch
Panic! At The Disco;A Fever You Can't Sweat Out
Panic! At The Disco;Death Of A Bachelor
Panic! At The Disco;Pray For The Wicked
Pantha du Prince;Black Noise
Papa Roach;Infest
Parquet Courts;Light Up Gold
Patrick Wolf;The Magic Position
Patty Griffin;American Kid
Patty Griffin;Children Running Through
Paul McCartney;Chaos and Creation in the Backyard
Paul Simon;So Beautiful or So What
Paul Simon;Stranger to Stranger
Paul Simon;You're the One
Paul Weller;A Kind Revolution
Paul Weller;Wake Up The Nation
Pavement;Quarantine The Past
Pearl Jam;Ten [Reissue]
Pentatonix;A Pentatonix Christmas
Pentatonix;That's Christmas To Me
Perfume Genius;Set My Heart on Fire Immediately
Perfume Genius;Too Bright
Pernice Brothers;Yours, Mine & Ours
Pet Shop Boys;Electric
Peter Bjorn and John;Writer's Block
Pharrell Williams;G I R L
Pharrell Williams;Girl
Phillip Phillips;The World From The Side Of The Moon
Phoebe Bridgers;Punisher
Phoenix;Wolfgang Amadeus Phoenix
Phonte;Charity Starts at Home
Phosphorescent;Muchacho
Pig Destroyer;Book Burner
Pinegrove;Cardinal
Pissed Jeans;King Of Jeans
Pistol Annies;Annie Up
Pistol Annies;Hell On Heels
Pistol Annies;Interstate Gospel
Pitbull;Globalization
Plaid;Double Figure
Plush;Fed
Pole;Steingarten
Polo G;The GOAT
Ponytail;Ice Cream Spiritual
Pop Smoke;Meet The Woo, V.2
Pop Smoke;Shoot For The Stars Aim For The Moon
Porcupine Tree;Fear of a Blank Planet
Porridge Radio;Every Bad
Portastatic;Bright Ideas
Portishead;Third
Post Malone;Beerbongs & Bentleys
Post Malone;Hollywood's Bleeding
Post Malone;Stoney
Post Malone;beerbongs & bentleys
Power Trip;Nightmare Logic
Prefuse 73;One Word Extinguisher
Primal Scream;XTRMNTR
Prince;Musicology
Prince;The Very Best Of Prince
Protest the Hero;Fortress
Protomartyr;Relatives in Descent
Protomartyr;The Agent Intellect
Puddle Of Mudd;Come Clean
Pulp;We Love Life
Purple Mountains;Purple Mountains
Pusha T;DAYTONA
Pusha T;King Push - Darkest Before Dawn: The Prelude
Pwr Bttm;Pageant
Q-Tip;The Renaissance
Queen;Bohemian Rhapsody (Soundtrack)
Queen;Greatest Hits
Queens of the Stone Age;Songs For The Deaf
R. Kelly;Black Panties
R. Kelly;Chocolate Factory
R. Kelly;Double Up
R. Kelly;Love Letter
R. Kelly;TP.3 Reloaded
R. Kelly;tp-2.com
Radiohead;A Moon Shaped Pool
Radiohead;Hail To The Thief
Radiohead;In Rainbows
Radiohead;Kid A
Rae Sremmurd;SremmLife
Rae Sremmurd;Sremmlife 2
Raekwon;Only Built 4 Cuban Linx... Pt. II
Rage Against the Machine;Renegades
Raheem DeVaughn;Love Behind The Melody
Rancid;Indestructible
Rancid;Rancid [2000]
Randy Newman;Harps And Angels
Raphael Saadiq;Jimmy Lee
Raphael Saadiq;Stone Rollin'
Rapsody;Eve
Rapsody;Laila’s Wisdom
Rascal Flatts;Feels Like Today
Rascal Flatts;Me And My Gang
Rascal Flatts;Nothing Like This
Rascal Flatts;Still Feels Good
Rascal Flatts;Unstoppable
Ray Charles;Genius Loves Company
Ray Charles;Ray (Soundtrack)
Rebecca Ferguson;Heaven
Red Hot Chili Peppers;Californication
Red Hot Chili Peppers;Stadium Arcadium
Red House Painters;Old Ramon
Refused;War Music
Rhiannon Giddens;There is No Other
Rhiannon Giddens;Tomorrow Is My Turn
Richard Hawley;Cole's Corner
Richard Thompson;Sweet Warrior
Rick Ross;God Forgives, I Don't
Rick Ross;Mastermind
Rick Ross;Trilla
Rickie Lee Jones;The Evening Of My Best Day
Ricky Martin;Ricky Martin
Ricky Martin;Sound Loaded
Rihanna;A Girl Like Me
Rihanna;ANTI
Rihanna;Good Girl Gone Bad
Rihanna;Loud
Rihanna;RATED R
Rihanna;Talk That Talk
Rihanna;Unapologetic
Rilo Kiley;The Execution of All Things
Rina Sawayama;Sawayama
Rival Consoles;Persona
Rob Thomas;...Something To Be
Robbie Fulks;Gone Away Backward
Robbie Fulks;Upland Stories
Robert Plant & Alison Krauss;Raising Sand
Robert Plant / Alison Krauss;Raising Sand
Robert Plant And Alison Krauss;Raising Sand
Robert Wyatt;Comicopera
Robin Thicke;Blurred Lines
Robin Thicke;The Evolution Of Robin Thicke
Robyn;Body Talk
Robyn;Honey
Robyn;Robyn
Rod Stewart;As Time Goes By ... The Great American Songbook Vol. II
Rod Stewart;It Had To Be You ... The Great American Songbook
Rod Stewart;Merry Christmas, Baby
Rod Wave;Ghetto Gospel
Rod Wave;Pray 4 Love
Roddy Ricch;Please Excuse Me For Being Antisocial
Rodney Crowell;Close Ties
Rokia Traoré;Beautiful Africa
Rolo Tomassi;Time Will Die and Love Will Bury It
Ron Sexsmith;Blue Boy
Ron Sexsmith;Cobblestone Runway
Roni Size/Reprazent;In The Mode
Rosanne Cash;Black Cadillac
Rosanne Cash;The River & the Thread
Roy Harper;Man and Myth
Ruben Studdard;Soulful
Rufus Wainwright;Poses
Rumer;Seasons of My Soul
Run the Jewels;RTJ2
Run the Jewels;RTJ4
Run the Jewels;Run the Jewels 3
Russian Circles;Empros
Russian Circles;Memorial
Ry Cooder;Chavez Ravine
Ry Cooder;Pull Up Some Dust and Sit Down
Ryuichi Sakamoto;async
Róisín Murphy;Overpowered
Róisín Murphy;Róisín Machine
Röyksopp;Melody A.M.
SOPHIE;Oil Of Every Pearl's Un-Insides
SZA;CTRL
SZA;Ctrl
Sade;Lovers Rock
Sade;Soldier Of Love
Saigon;The Greatest Story Never Told
Saint Etienne;Sound of Water
Sam Amidon;I See The Sign
Sam Hunt;Montevallo
Sam Lee;The Fade in Time
Sam Phillips;A Boot And A Shoe
Sam Phillips;Don't Do Anything
Sam Smith;In The Lonely Hour
Sam Smith;In the Lonely Hour
Sam Smith;The Thrill Of It All
Sampha;Process
Santana;Shaman
Santana;Supernatural
Sara Bareilles;Little Voice
Sara Bareilles;The Blessed Unrest
Sarah Davachi;Gave in Rest
Sarah McLachlan;Afterglow
Savage Garden;Affirmation
ScHoolboy Q;Oxymoron
Scarface;Emeritus
Scott Walker;The Drift
Scotty McCreery;Clear As Day
Screaming Females;All at Once
Screaming Females;Ugly
Seamus Fogarty;The Curious Hand
Sean Paul;Dutty Rock
Selena Gomez;Revival
Selena Gomez & The Scene;Kiss And Tell
Serena-Maneesh;Serena-Maneesh
Serge Gainsbourg;Histoire de Melody Nelson
Shackleton;Music For the Quiet Hour/The Drawbar Organ EPs
Shackleton;Pinch & Shackleton
Shaggy;Hotshot
Shakira;Laundry Service
Shakira;Oral Fixation Vol. 2
Shania Twain;Come On Over
Shania Twain;Greatest Hits
Shania Twain;Up!
Sharon Jones & the Dap-Kings;Soul of a Woman
Sharon Van Etten;Are We There
Sharon Van Etten;Epic
Sharon Van Etten;Remind Me Tomorrow
Shawn Mendes;Handwritten
Shawn Mendes;Illuminate
Shawn Mendes;Shawn Mendes
Shearwater;Rook
Shelby Lynne;I Am Shelby Lynne
Shellac;Dude Incredible
Sheryl Crow;C'mon, C'mon
Sheryl Crow;The Very Best Of Sheryl Crow
Shining;Blackjazz
Shirley Collins;Heart's Ease
Shugo Tokumaru;Exit
Sia;1000 Forms Of Fear
Sia;This Is Acting
Sigur Rós;()
Sigur Rós;Takk...
Sigur Rós;Ágætis Byrjun
Simple Plan;Still Not Getting Any...
Sisqo;UNLEASH THE DRAGON
Six Organs of Admittance;School Of The Flower
Slayer;God Hates Us All
Sleaford Mods;Eton Alive
Sleater-Kinney;All Hands On The Bad One
Sleater-Kinney;No Cities to Love
Sleater-Kinney;One Beat
Sleater-Kinney;The Woods
Sleigh Bells;Treats
Slipknot;We Are Not Your Kind
Smog;Dongs of Sevotion
Snoop Dogg;R&G (Rhythm & Gangsta): The Masterpiece
Snoop Dogg;Tha Last Meal
Solange;A Seat at the Table
Solange;When I Get Home
Solomon Burke;Don't Give Up On Me
Solomon Burke;Nashville
Songs: Ohia;Didn't It Rain
Songs: Ohia;Magnolia Electric Co.
Sonic Youth;Murray Street
Sonic Youth;Rather Ripped
Soundtrack;8 Mile
Soundtrack;Alvin And The Chipmunks
Soundtrack;Alvin And The Chipmunks: The Squeakquel
Soundtrack;Bad Boys II
Soundtrack;Beauty And The Beast (2017)
Soundtrack;Black Panther: The Album, Music From And Inspired By
Soundtrack;Camp Rock
Soundtrack;Chicago
Soundtrack;Coyote Ugly
Soundtrack;Dreamgirls
Soundtrack;Empire: Original Soundtrack From Season 1
Soundtrack;Fifty Shades Of Grey
Soundtrack;Frozen
Soundtrack;Frozen II
Soundtrack;Furious 7
Soundtrack;Get Rich Or Die Tryin'
Soundtrack;Glee: Season One: The Music Volume 1
Soundtrack;Glee: Season One: The Music Volume 2
Soundtrack;Glee: The Music, The Christmas Album
Soundtrack;Guardians Of The Galaxy, Vol. 2: Awesome Mix Vol. 2
Soundtrack;Guardians Of The Galaxy: Awesome Mix Vol. 1
Soundtrack;Hannah Montana
Soundtrack;Hannah Montana: The Movie
Soundtrack;High School Musical
Soundtrack;High School Musical 2
Soundtrack;High School Musical 3: Senior Year
Soundtrack;Juno
Soundtrack;Les Miserables
Soundtrack;Mamma Mia!
Soundtrack;Moana
Soundtrack;Moulin Rouge
Soundtrack;O Brother, Where Art Thou?
Soundtrack;Pitch Perfect
Soundtrack;Save The Last Dance
Soundtrack;Spider-Man: Into The Spider-Verse
Soundtrack;Suicide Squad: The Album
Soundtrack;The Great Gatsby: Music From Baz Luhrmann's Film
Soundtrack;The Greatest Showman
Soundtrack;The Lizzie McGuire Movie
Soundtrack;The Twilight Saga: New Moon
Soundtrack;Trolls
Soundtrack;Twilight
Soundtrack;Walk The Line
Sparklehorse;It's a Wonderful Life
Spoon;Ga Ga Ga Ga Ga
Spoon;Gimme Fiction
Spoon;Girls Can Tell
Spoon;Kill The Moonlight
St. Vincent;Masseduction
St. Vincent;St. Vincent
St. Vincent;Strange Mercy
Staff Benda Bilili;Bouger le Monde!
Staind;Break The Cycle
Stars Of The Lid;And Their Refinement Of The Decline
Steely Dan;Two Against Nature
Steinski;What Does It All Mean? 1983-2006 Retrospective
Stephen Malkmus;Stephen Malkmus
Steve Earle;Townes
Steve Earle;Transcendental Blues
Steve Gunn;Way Out Weather
Steven Wilson;Hand.Cannot.Erase.
Sting;Brand New Day
Stornoway;Bonxie
Strand of Oaks;Heal
Stuart A. Staples;Leaving Songs
Sturgill Simpson;A Sailor's Guide to Earth
Subtle;For Hero: For Fool
Sufjan Stevens;Carrie & Lowell
Sufjan Stevens;Illinois
Sufjan Stevens;Seven Swans
Sugarland;Enjoy The Ride
Sugarland;Love On The Inside
Sugarland;The Incredible Machine
Sugarland;Twice The Speed Of Life
Summer Walker;Over It
Sun Kil Moon;Benji
Sun Kil Moon;Ghosts Of The Great Highway
Sunn O)));Life Metal
Sunn O)));Monoliths & Dimensions
Super Furry Animals;Dark Days/Light Years
Super Furry Animals;Mwng
Super Furry Animals;Phantom Power
Super Furry Animals;Rings Around The World
Superchunk;Majesty Shredding
Susan Boyle;I Dreamed A Dream
Susan Boyle;The Gift
Susanne Sundfør;Ten Love Songs
Suzanne Vega;Beauty & Crime
Suzanne Vega;Songs In Red And Gray
Swans;My Father Will Guide Me Up a Rope to the Sky
Swans;The Seer
Swans;To Be Kind
Swans;We Rose from Your Bed with the Sun in Our Head [Live]
Sweet Billy Pilgrim;Crown and Treaty
Switchfoot;The Beautiful Letdown
System Of A Down;Hypnotize
System Of A Down;Mezmerize
System Of A Down;Toxicity
T.I.;King
T.I.;Paper Trail
T.I.;T.I. Vs T.I.P.
T.I.;Trouble Man: Heavy Is The Head
T.I.;Urban Legend
TLC;FanMail
TNGHT;TNGHT [EP]
TV on the Radio;Dear Science,
TV on the Radio;Return To Cookie Mountain
Taken by Trees;East Of Eden
Tame Impala;Lonerism
Taylor Swift;1989
Taylor Swift;Fearless
Taylor Swift;Folklore
Taylor Swift;Lover
Taylor Swift;Red
Taylor Swift;Speak Now
Taylor Swift;Taylor Swift
Taylor Swift;evermore
Taylor Swift;reputation
Ted Leo & The Pharmacists;Hearts Of Oak
Teddy Thompson;A Piece Of What You Need
Teebs;Anicca
Teho Teardo;Nerissimo
Tenacious D;Tenacious D
The Antlers;Hospice
The Apples In Stereo;Discovery of a World Inside the Moone
The Avalanches;Since I Left You
The Avalanches;We Will Always Love You
The Band Perry;The Band Perry
The Beatles;1
The Beatles;Love
The Besnard Lakes;The Besnard Lakes Are The Dark Horse
The Black Eyed Peas;ELEPHUNK
The Black Eyed Peas;MONKEY BUSINESS
The Black Eyed Peas;The Beginning
The Black Eyed Peas;The E.N.D.
The Black Keys;Brothers
The Black Keys;El Camino
The Black Keys;Turn Blue
The Blood Brothers;Crimes
The Books;Lost And Safe
The Books;The Lemon Of Pink
The Budos Band;The  Budos Band III
The Bug;Angels & Devils
The Bug;London Zoo
The Chainsmokers;Collage (EP)
The Chainsmokers;Memories...Do Not Open
The Claudia Quintet;Royal Toast
The Clientele;The Violet Hour
The Coup;Party Music
The DFA;DFA Remixes: Chapter 1
The Dandy Warhols;Thirteen Tales From Urban Bohemia
The Decemberists;Her Majesty The Decemberists
The Decemberists;The Crane Wife
The Delines;Colfax
The Dillinger Escape Plan;Dissociation
The Dillinger Escape Plan;Ire Works
The Dillinger Escape Plan;Option Paralysis
The Dismemberment Plan;Change
The Dodos;The Visiter
The Earlies;These Were The Earlies
The Eighties Matchbox B-Line Disaster;The Royal Society
The Evens;The Odds
The Fall;The Real New Fall L.P. (Formerly Country On The Click)
The Felice Brothers;Yonder Is The Clock
The Field;From Here We Go Sublime
The Field;Looping State of Mind
The Flaming Lips;Yoshimi Battles The Pink Robots
The Fray;How To Save A Life
The Fray;The Fray
The Futureheads;The Futureheads
The Game;Doctor's Advocate
The Game;The Documentary
The Go! Team;Thunder, Lightning, Strike
The Go-Betweens;Friends of Rachel Worth
The Go-Betweens;Oceans Apart
The Handsome Family;Singing Bones
The Haxan Cloak;Excavation
The Herbaliser;Something Wicked This Way Comes
The Hidden Cameras;The Smell Of Our Own
The Hives;Veni Vidi Vicious
The Hold Steady;Boys And Girls In America
The Hold Steady;Separation Sunday
The Hold Steady;Stay Positive
The Horrors;Skying
The Horrors;V
The Hotelier;Goodness
The Hotelier;Home, Like Noplace Is There
The James Hunter Six;Minute by Minute
The James Hunter Six;Nick of Time
The Killers;Day & Age
The Killers;Hot Fuss
The Knife;Shaking the Habitual
The Lilac Time;lilac6
The Long Blondes;Someone To Drive You Home
The Lumineers;The Lumineers
The Marmozets;The  Weird and Wonderful
The Mavericks;In Time
The Menzingers;On the Impossible Past
The Method Actors;This Is Still It
The Microphones;Microphones in 2020
The Moonlandingz;Interplanetary Class Classics
The Mountain Goats;The Sunset Tree
The Music Tapes;Music Tapes for Clouds & Tornadoes
The National;Alligator
The National;Boxer
The National;High Violet
The National;Sleep Well Beast
The National;Trouble Will Find Me
The New Pornographers;Mass Romantic
The New Pornographers;Twin Cinema
The Notorious B.I.G.;Born Again
The Notwist;Neon Golden
The Office of Future Plans;The  Office of Future Plans
The Paper Chase;Now You Are One Of Us
The Polyphonic Spree;The Beginning Stages Of...
The Pussycat Dolls;PCD
The Replacements;For Sale: Live at Maxwell's 1986
The Robertsons;Duck The Halls: A Robertson Family Christmas
The Roots;Game Theory
The Roots;How I Got Over
The Roots;Phrenology
The Roots;Undun
The Sadies;Favourite Colours
The Shins;Chutes Too Narrow
The Soft Pink Truth;Shall We Go on Sinning So That Grace May Increase?
The Streets;A Grand Don't Come For Free
The Streets;Original Pirate Material
The Strokes;Is This It?
The Tallest Man on Earth;Sometimes the Blues is Just a Passing Bird
The Thermals;The Body, The Blood, The Machine
The Twilight Sad;It Won't Be Like This All the Time
The Vaselines;Enter The Vaselines
The Walkmen;Lisbon
The War on Drugs;Lost In the Dream
The Weather Station;Loyalty
The Weather Station;The Weather Station
The Week That Was;The Week That Was
The Weeknd;After Hours
The Weeknd;Beauty Behind The Madness
The Weeknd;Beauty Behind the Madness
The Weeknd;House of Balloons
The Weeknd;My Dear Melancholy, (EP)
The Weeknd;Starboy
The White Stripes;Elephant
The White Stripes;White Blood Cells
The Wrens;The Meadowlands
The xx;I See You
The xx;xx
The-Dream;Love vs Money
Thee Oh Sees;Carrion Crawler/The Dream
These New Puritans;Hidden
They Might Be Giants;No!
This Is the Kit;Off Off On
Thomas Rhett;Life Changes
Thomas Rhett;Tangled Up
Thursday;No Devolucion
Tim Hecker;Ravedeath, 1972
Tim Hecker;Virgins
Tim McGraw;A Place In The Sun
Tim McGraw;Greatest Hits
Tim McGraw;Greatest Hits Vol 2: Reflected
Tim McGraw;Let It Go
Tim McGraw;Live Like You Were Dying
Tim McGraw;Tim McGraw And The Dancehall Doctors
Tinariwen;Amadjar
Tinariwen;Elwan
Tinariwen;Imidiwan: Companions
Tindersticks;Can Our Love...
Titus Andronicus;The Airing Of Grievances
Toby Keith;Greatest Hits 2
Toby Keith;Honkytonk University
Toby Keith;Pull My Chain
Toby Keith;Shock'n Y'All
Toby Keith;Unleashed
Toby Keith;White Trash With Money
Todd Snider;The Excitement Plan
Tom Waits;Alice
Tom Waits;Bad as Me
Tom Waits;Blood Money
Tom Waits;Orphans: Brawlers, Bawlers & Bastards
Tom Zé;Estudando o Pagode
Toni Braxton;The Heat
Tony Bennett;Duets II
Tony Bennett;Duets: An American Classic
Tony Bennett & Lady Gaga;Cheek To Cheek
Tool;10,000 Days
Tool;Lateralus
Torche;Harmonicraft
Touché Amoré;Is Survived By
Touché Amoré;Stage Four
Tove Lo;Queen Of The Clouds
Town & Country;5
Trace Adkins;Songs About Me
Tracyanne & Danny;Tracyanne & Danny
Train;Drops Of Jupiter
Trash Talk;Eyes & Nines
Travis Scott;ASTROWORLD
Travis Scott;Birds In The Trap Sing McKnight
Trembling Blue Stars;Broken By Whispers
Trippie Redd;A Love Letter To You 4
True Widow;A.H.A.T.H.H.A.F.T.C.T.T.C.O.T.E.
Twin Shadow;Forget
Twista;Kamikaze
Ty Segall Band;Slaughterhouse
Tyler, The Creator;Flower Boy
U.S. Girls;In a Poem Unlimited
U2;All That You Can't Leave Behind
U2;How To Dismantle An Atomic Bomb
U2;How to Dismantle an Atomic Bomb
U2;No Line On The Horizon
UGK;UGK 4 Life
Ugly Casanova;Sharpen Your Teeth
Underoath;Ø (Disambiguation)
Underworld;Everything, Everything
Unwound;Leaves Turn Inside You
Usher;8701
Usher;Confessions
Usher;Here I Stand
Usher;Raymond V Raymond
Valerie June;The  Order of Time
Vampire Weekend;Father of the Bride
Vampire Weekend;Modern Vampires of the City
Vampire Weekend;Vampire Weekend
Vanishing Twin;The Age of Immunology
Various Artists;Black Panther: The Album, Music from and Inspired By
Various Artists;Divided & United: Songs of the Civil War
Various Artists;Eminem Presents: The Re-Up
Various Artists;Joy of Living: A Tribute to Ewan Maccoll
Various Artists;Left Of The Dial: Dispatches From The '80s Underground
Various Artists;NOW 20
Various Artists;NOW 21
Various Artists;NOW 22
Various Artists;NOW 23
Various Artists;NOW 24
Various Artists;NOW 25
Various Artists;NOW 26
Various Artists;NOW 27
Various Artists;NOW 28
Various Artists;NOW 29
Various Artists;NOW 30
Various Artists;NOW 31
Various Artists;NOW 32
Various Artists;NOW 33
Various Artists;NOW 37
Various Artists;NOW 38
Various Artists;NOW 40
Various Artists;NOW 41
Various Artists;NOW 42
Various Artists;NOW 44
Various Artists;NOW 48
Various Artists;NOW 49
Various Artists;NOW 50
Various Artists;NOW 51
Various Artists;NOW That's What I Call Christmas!
Various Artists;Now 10
Various Artists;Now 11
Various Artists;Now 12
Various Artists;Now 14
Various Artists;Now 15
Various Artists;Now 16
Various Artists;Now 17
Various Artists;Now 18
Various Artists;Now 19
Various Artists;Now 3
Various Artists;Now 4
Various Artists;Now 5
Various Artists;Now 6
Various Artists;Now 7
Various Artists;Now 8
Various Artists;Now 9
Various Artists;O Brother, Where Art Thou? - Soundtrack
Various Artists;P. Diddy & Bad Boy Records Present... We Invented The Remix
Various Artists;Remembering Mountains: Unheard Songs By Karen Dalton
Various Artists;Totally Hits
Vashti Bunyan;Lookaftering
Velvet Revolver;Contraband
Vic Chesnutt;Silver Lake
Vieux Farka Touré;Vieux Farka Toure
Vijay Iyer;Far from Over
Vijay Iyer Trio;Accelerando
Vijay Iyer Trio;Historicity
Vince Gill;These Days
Vince Staples;Big Fish Theory
Vince Staples;Summertime '06
Virginia Wing;Forward Constant Motion
Vitalic;OK Cowboy
WALK THE MOON;TALKING IS HARD
Wadada Leo Smith;Ten Freedom Summers
Warren Zevon;The Wind
Waxahatchee;Saint Cloud
Wayne Shorter;Without a Net
Weyes Blood;Titanic Rising
Whitney Houston;I Look To You
Whitney Houston;Whitney: The Greatest Hits
Wilco;Yankee Hotel Foxtrot
Wild Beasts;Present Tense
Wild Beasts;Smother
Wild Beasts;Two Dancers
William Bell;This Is Where I Live
William Tyler;Impossible Truth
Wire;Send
Wiz Khalifa;Rolling Papers
Wolf Parade;Apologies To The Queen Mary
Wolves in the Throne Room;Celestial Lineage
Woody Guthrie;My Dusty Road
Wu-Tang Clan;The "W"
XXXTENTACION;17
XXXTENTACION;?
Xiu Xiu;La Foret
YOB;Clearing the Path to Ascend
Yeah Yeah Yeahs;Fever To Tell
Yo La Tengo;And Then Nothing Turned Itself Inside-Out
Yo La Tengo;I Am Not Afraid Of You And I Will Beat Your Ass
Yoko Ono Plastic Ono Band;Between My Head and the Sky
Yola;Walk Through Fire
Young Fathers;Cocoa Sugar
Young Fathers;Dead
Young Jeezy;TM:103: Hustlerz Ambition
Young Jeezy;The Inspiration
Young Money;We Are Young Money
Young Thug;Beautiful Thugger Girls
Young Thug;So Much Fun
YoungBoy Never Broke Again;AI YoungBoy 2
Yves Tumor;Heaven to a Tortured Mind
Yves Tumor;Safe In The Hands Of Love
Zac Brown Band;JEKYLL + HYDE
Zac Brown Band;The Foundation
Zac Brown Band;Uncaged
Zac Brown Band;You Get What You Give
Zu;Carboniferous
fun.;Some Nights
matchbox twenty;Mad Season
matchbox twenty;More Than You Think You Are
serpentwithfeet;Soil
tUnE-yArDs;Who Kill
twenty one pilots;Blurryface
twenty one pilots;Vessel
